{
  "Update Booking" : {
    "transaction" : "Update Booking",
    "sampleCount" : 5000,
    "errorCount" : 2,
    "errorPct" : 0.04,
    "meanResTime" : 20930.96580000002,
    "medianResTime" : 24659.0,
    "minResTime" : 297.0,
    "maxResTime" : 35438.0,
    "pct1ResTime" : 27116.0,
    "pct2ResTime" : 27199.0,
    "pct3ResTime" : 27464.899999999998,
    "throughput" : 12.636090696804585,
    "receivedKBytesPerSec" : 11.398864402426634,
    "sentKBytesPerSec" : 6.552425086936304
  },
  "Delete Booking" : {
    "transaction" : "Delete Booking",
    "sampleCount" : 5000,
    "errorCount" : 2,
    "errorPct" : 0.04,
    "meanResTime" : 18397.749400000033,
    "medianResTime" : 17636.0,
    "minResTime" : 291.0,
    "maxResTime" : 32453.0,
    "pct1ResTime" : 25762.000000000007,
    "pct2ResTime" : 27065.0,
    "pct3ResTime" : 27252.0,
    "throughput" : 12.656914092461289,
    "receivedKBytesPerSec" : 9.3363529038758,
    "sentKBytesPerSec" : 3.745081997817948
  },
  "Total" : {
    "transaction" : "Total",
    "sampleCount" : 25000,
    "errorCount" : 6,
    "errorPct" : 0.024,
    "meanResTime" : 11254.176720000045,
    "medianResTime" : 11821.5,
    "minResTime" : 291.0,
    "maxResTime" : 396604.0,
    "pct1ResTime" : 25891.700000000004,
    "pct2ResTime" : 27037.0,
    "pct3ResTime" : 27265.980000000003,
    "throughput" : 62.411843271379176,
    "receivedKBytesPerSec" : 52.73941426875164,
    "sentKBytesPerSec" : 21.879173792018772
  },
  "Creating a Token for Authentication" : {
    "transaction" : "Creating a Token for Authentication",
    "sampleCount" : 5000,
    "errorCount" : 2,
    "errorPct" : 0.04,
    "meanResTime" : 4726.0278,
    "medianResTime" : 3993.0,
    "minResTime" : 1146.0,
    "maxResTime" : 396604.0,
    "pct1ResTime" : 7487.900000000001,
    "pct2ResTime" : 9476.849999999999,
    "pct3ResTime" : 15852.13999999996,
    "throughput" : 12.60372868709479,
    "receivedKBytesPerSec" : 9.589263880013762,
    "sentKBytesPerSec" : 3.4818637464457485
  },
  "Create New Booking" : {
    "transaction" : "Create New Booking",
    "sampleCount" : 5000,
    "errorCount" : 0,
    "errorPct" : 0.0,
    "meanResTime" : 4629.067200000002,
    "medianResTime" : 5224.0,
    "minResTime" : 298.0,
    "maxResTime" : 22294.0,
    "pct1ResTime" : 7059.900000000001,
    "pct2ResTime" : 7743.699999999999,
    "pct3ResTime" : 13327.909999999976,
    "throughput" : 12.639540527422747,
    "receivedKBytesPerSec" : 11.70687574415295,
    "sentKBytesPerSec" : 6.072904237785148
  },
  "Get Booking" : {
    "transaction" : "Get Booking",
    "sampleCount" : 5000,
    "errorCount" : 0,
    "errorPct" : 0.0,
    "meanResTime" : 7587.073399999997,
    "medianResTime" : 7263.5,
    "minResTime" : 294.0,
    "maxResTime" : 46057.0,
    "pct1ResTime" : 13403.400000000003,
    "pct2ResTime" : 13862.95,
    "pct3ResTime" : 15520.809999999996,
    "throughput" : 12.63800703684232,
    "receivedKBytesPerSec" : 11.353205519902334,
    "sentKBytesPerSec" : 2.295570560204938
  }
}