{
  "Update Booking" : {
    "transaction" : "Update Booking",
    "sampleCount" : 3000,
    "errorCount" : 0,
    "errorPct" : 0.0,
    "meanResTime" : 4878.37033333333,
    "medianResTime" : 5162.5,
    "minResTime" : 888.0,
    "maxResTime" : 9621.0,
    "pct1ResTime" : 6322.0,
    "pct2ResTime" : 6352.95,
    "pct3ResTime" : 6421.0,
    "throughput" : 152.56305939788444,
    "receivedKBytesPerSec" : 137.50917762154188,
    "sentKBytesPerSec" : 79.07583734870829
  },
  "Delete Booking" : {
    "transaction" : "Delete Booking",
    "sampleCount" : 3000,
    "errorCount" : 0,
    "errorPct" : 0.0,
    "meanResTime" : 4007.390333333338,
    "medianResTime" : 4022.0,
    "minResTime" : 312.0,
    "maxResTime" : 6949.0,
    "pct1ResTime" : 6311.0,
    "pct2ResTime" : 6346.0,
    "pct3ResTime" : 6416.99,
    "throughput" : 156.57620041753654,
    "receivedKBytesPerSec" : 115.36302028966597,
    "sentKBytesPerSec" : 46.29324194284969
  },
  "Total" : {
    "transaction" : "Total",
    "sampleCount" : 15000,
    "errorCount" : 0,
    "errorPct" : 0.0,
    "meanResTime" : 2901.2305999999826,
    "medianResTime" : 2472.0,
    "minResTime" : 284.0,
    "maxResTime" : 9621.0,
    "pct1ResTime" : 5792.9,
    "pct2ResTime" : 6278.0,
    "pct3ResTime" : 6399.0,
    "throughput" : 664.3341157712919,
    "receivedKBytesPerSec" : 561.0304202743699,
    "sentKBytesPerSec" : 232.81096026728375
  },
  "Creating a Token for Authentication" : {
    "transaction" : "Creating a Token for Authentication",
    "sampleCount" : 3000,
    "errorCount" : 0,
    "errorPct" : 0.0,
    "meanResTime" : 1466.194000000002,
    "medianResTime" : 1427.0,
    "minResTime" : 1108.0,
    "maxResTime" : 5797.0,
    "pct1ResTime" : 1805.9,
    "pct2ResTime" : 2179.95,
    "pct3ResTime" : 3281.6999999999935,
    "throughput" : 226.7230955259976,
    "receivedKBytesPerSec" : 172.18733468107618,
    "sentKBytesPerSec" : 62.65882425181379
  },
  "Create New Booking" : {
    "transaction" : "Create New Booking",
    "sampleCount" : 3000,
    "errorCount" : 0,
    "errorPct" : 0.0,
    "meanResTime" : 1830.5509999999988,
    "medianResTime" : 1734.0,
    "minResTime" : 284.0,
    "maxResTime" : 4864.0,
    "pct1ResTime" : 2820.9,
    "pct2ResTime" : 2923.95,
    "pct3ResTime" : 3279.949999999999,
    "throughput" : 202.4838012958963,
    "receivedKBytesPerSec" : 187.60374658308584,
    "sentKBytesPerSec" : 97.28713890388768
  },
  "Get Booking" : {
    "transaction" : "Get Booking",
    "sampleCount" : 3000,
    "errorCount" : 0,
    "errorPct" : 0.0,
    "meanResTime" : 2323.6473333333333,
    "medianResTime" : 2463.0,
    "minResTime" : 287.0,
    "maxResTime" : 5788.0,
    "pct1ResTime" : 3429.9,
    "pct2ResTime" : 3522.8999999999996,
    "pct3ResTime" : 3647.0,
    "throughput" : 171.4971702966901,
    "receivedKBytesPerSec" : 154.075916080718,
    "sentKBytesPerSec" : 31.10987698650889
  }
}