{
  "Update Booking" : {
    "transaction" : "Update Booking",
    "sampleCount" : 4500,
    "errorCount" : 0,
    "errorPct" : 0.0,
    "meanResTime" : 10168.350222222196,
    "medianResTime" : 12318.5,
    "minResTime" : 307.0,
    "maxResTime" : 17850.0,
    "pct1ResTime" : 13613.9,
    "pct2ResTime" : 13812.0,
    "pct3ResTime" : 13924.0,
    "throughput" : 32.23080118609349,
    "receivedKBytesPerSec" : 29.06966463851366,
    "sentKBytesPerSec" : 16.712208993915542
  },
  "Delete Booking" : {
    "transaction" : "Delete Booking",
    "sampleCount" : 4500,
    "errorCount" : 0,
    "errorPct" : 0.0,
    "meanResTime" : 8479.196888888859,
    "medianResTime" : 8218.5,
    "minResTime" : 298.0,
    "maxResTime" : 14867.0,
    "pct1ResTime" : 12902.9,
    "pct2ResTime" : 13493.0,
    "pct3ResTime" : 13869.0,
    "throughput" : 32.24465813496898,
    "receivedKBytesPerSec" : 23.763865202998037,
    "sentKBytesPerSec" : 9.539919390593875
  },
  "Total" : {
    "transaction" : "Total",
    "sampleCount" : 22500,
    "errorCount" : 0,
    "errorPct" : 0.0,
    "meanResTime" : 6084.4347555555505,
    "medianResTime" : 5767.0,
    "minResTime" : 298.0,
    "maxResTime" : 138115.0,
    "pct1ResTime" : 12807.900000000001,
    "pct2ResTime" : 13460.95,
    "pct3ResTime" : 13863.0,
    "throughput" : 156.1415683553088,
    "receivedKBytesPerSec" : 131.8594468359646,
    "sentKBytesPerSec" : 54.73748021122485
  },
  "Creating a Token for Authentication" : {
    "transaction" : "Creating a Token for Authentication",
    "sampleCount" : 4500,
    "errorCount" : 0,
    "errorPct" : 0.0,
    "meanResTime" : 4520.140222222214,
    "medianResTime" : 3996.0,
    "minResTime" : 1179.0,
    "maxResTime" : 138115.0,
    "pct1ResTime" : 7523.5,
    "pct2ResTime" : 8928.699999999999,
    "pct3ResTime" : 12380.699999999993,
    "throughput" : 31.66962249809982,
    "receivedKBytesPerSec" : 24.043896296061703,
    "sentKBytesPerSec" : 8.752444498986572
  },
  "Create New Booking" : {
    "transaction" : "Create New Booking",
    "sampleCount" : 4500,
    "errorCount" : 0,
    "errorPct" : 0.0,
    "meanResTime" : 2966.6899999999996,
    "medianResTime" : 3230.0,
    "minResTime" : 313.0,
    "maxResTime" : 10336.0,
    "pct1ResTime" : 4707.9,
    "pct2ResTime" : 4857.0,
    "pct3ResTime" : 6570.909999999998,
    "throughput" : 32.205888667821306,
    "receivedKBytesPerSec" : 29.835156451286803,
    "sentKBytesPerSec" : 15.473923070867269
  },
  "Get Booking" : {
    "transaction" : "Get Booking",
    "sampleCount" : 4500,
    "errorCount" : 0,
    "errorPct" : 0.0,
    "meanResTime" : 4287.796444444454,
    "medianResTime" : 4631.5,
    "minResTime" : 307.0,
    "maxResTime" : 14405.0,
    "pct1ResTime" : 7208.0,
    "pct2ResTime" : 7370.95,
    "pct3ResTime" : 7625.99,
    "throughput" : 32.22918531781558,
    "receivedKBytesPerSec" : 28.939430393912264,
    "sentKBytesPerSec" : 5.852905382721576
  }
}