{
  "Update Booking" : {
    "transaction" : "Update Booking",
    "sampleCount" : 500,
    "errorCount" : 0,
    "errorPct" : 0.0,
    "meanResTime" : 338.8120000000001,
    "medianResTime" : 309.0,
    "minResTime" : 284.0,
    "maxResTime" : 3196.0,
    "pct1ResTime" : 350.90000000000003,
    "pct2ResTime" : 392.79999999999995,
    "pct3ResTime" : 998.97,
    "throughput" : 40.61078622482131,
    "receivedKBytesPerSec" : 36.69343171296296,
    "sentKBytesPerSec" : 21.33652635640026
  },
  "Delete Booking" : {
    "transaction" : "Delete Booking",
    "sampleCount" : 500,
    "errorCount" : 0,
    "errorPct" : 0.0,
    "meanResTime" : 322.3680000000003,
    "medianResTime" : 308.0,
    "minResTime" : 279.0,
    "maxResTime" : 1177.0,
    "pct1ResTime" : 337.0,
    "pct2ResTime" : 363.9,
    "pct3ResTime" : 949.8200000000002,
    "throughput" : 40.564660068148626,
    "receivedKBytesPerSec" : 29.958902928768456,
    "sentKBytesPerSec" : 12.280317012818433
  },
  "Total" : {
    "transaction" : "Total",
    "sampleCount" : 2500,
    "errorCount" : 0,
    "errorPct" : 0.0,
    "meanResTime" : 530.0468000000001,
    "medianResTime" : 311.0,
    "minResTime" : 277.0,
    "maxResTime" : 6874.0,
    "pct1ResTime" : 1226.0,
    "pct2ResTime" : 1272.0,
    "pct3ResTime" : 2095.4199999999873,
    "throughput" : 167.17935000668717,
    "receivedKBytesPerSec" : 141.49328774909722,
    "sentKBytesPerSec" : 59.75355674067139
  },
  "Creating a Token for Authentication" : {
    "transaction" : "Creating a Token for Authentication",
    "sampleCount" : 500,
    "errorCount" : 0,
    "errorPct" : 0.0,
    "meanResTime" : 1337.916000000001,
    "medianResTime" : 1226.0,
    "minResTime" : 1109.0,
    "maxResTime" : 6874.0,
    "pct1ResTime" : 1580.400000000001,
    "pct2ResTime" : 2037.2499999999998,
    "pct3ResTime" : 3459.79,
    "throughput" : 40.6603236561763,
    "receivedKBytesPerSec" : 30.95934221761405,
    "sentKBytesPerSec" : 11.515130722940555
  },
  "Create New Booking" : {
    "transaction" : "Create New Booking",
    "sampleCount" : 500,
    "errorCount" : 0,
    "errorPct" : 0.0,
    "meanResTime" : 331.504,
    "medianResTime" : 304.0,
    "minResTime" : 277.0,
    "maxResTime" : 1510.0,
    "pct1ResTime" : 349.80000000000007,
    "pct2ResTime" : 379.84999999999997,
    "pct3ResTime" : 1087.0,
    "throughput" : 43.33882291756956,
    "receivedKBytesPerSec" : 40.23738840253098,
    "sentKBytesPerSec" : 21.11921155846407
  },
  "Get Booking" : {
    "transaction" : "Get Booking",
    "sampleCount" : 500,
    "errorCount" : 0,
    "errorPct" : 0.0,
    "meanResTime" : 319.63399999999973,
    "medianResTime" : 305.0,
    "minResTime" : 278.0,
    "maxResTime" : 1200.0,
    "pct1ResTime" : 334.0,
    "pct2ResTime" : 364.95,
    "pct3ResTime" : 987.99,
    "throughput" : 43.17416457991538,
    "receivedKBytesPerSec" : 38.85000215870823,
    "sentKBytesPerSec" : 8.137318128831707
  }
}