{
  "Update Booking" : {
    "transaction" : "Update Booking",
    "sampleCount" : 4000,
    "errorCount" : 0,
    "errorPct" : 0.0,
    "meanResTime" : 6898.0539999999955,
    "medianResTime" : 7954.0,
    "minResTime" : 446.0,
    "maxResTime" : 11585.0,
    "pct1ResTime" : 9449.9,
    "pct2ResTime" : 9572.0,
    "pct3ResTime" : 9781.99,
    "throughput" : 128.9532222186402,
    "receivedKBytesPerSec" : 116.14403671943003,
    "sentKBytesPerSec" : 66.86929784970502
  },
  "Delete Booking" : {
    "transaction" : "Delete Booking",
    "sampleCount" : 4000,
    "errorCount" : 0,
    "errorPct" : 0.0,
    "meanResTime" : 5893.19874999998,
    "medianResTime" : 5953.0,
    "minResTime" : 291.0,
    "maxResTime" : 10958.0,
    "pct1ResTime" : 9150.0,
    "pct2ResTime" : 9461.0,
    "pct3ResTime" : 9613.99,
    "throughput" : 117.90714812085483,
    "receivedKBytesPerSec" : 86.68512803979367,
    "sentKBytesPerSec" : 34.888540899042006
  },
  "Total" : {
    "transaction" : "Total",
    "sampleCount" : 20000,
    "errorCount" : 0,
    "errorPct" : 0.0,
    "meanResTime" : 3976.5914999999977,
    "medianResTime" : 3334.0,
    "minResTime" : 285.0,
    "maxResTime" : 16242.0,
    "pct1ResTime" : 8718.0,
    "pct2ResTime" : 9233.95,
    "pct3ResTime" : 9600.0,
    "throughput" : 538.4884628846827,
    "receivedKBytesPerSec" : 454.1346658679088,
    "sentKBytesPerSec" : 188.78648259336043
  },
  "Creating a Token for Authentication" : {
    "transaction" : "Creating a Token for Authentication",
    "sampleCount" : 4000,
    "errorCount" : 0,
    "errorPct" : 0.0,
    "meanResTime" : 1478.5737500000005,
    "medianResTime" : 1254.0,
    "minResTime" : 1106.0,
    "maxResTime" : 16242.0,
    "pct1ResTime" : 1910.9,
    "pct2ResTime" : 2668.8499999999995,
    "pct3ResTime" : 4001.5199999999895,
    "throughput" : 203.43810395687112,
    "receivedKBytesPerSec" : 154.31833136252672,
    "sentKBytesPerSec" : 56.2236166208931
  },
  "Create New Booking" : {
    "transaction" : "Create New Booking",
    "sampleCount" : 4000,
    "errorCount" : 0,
    "errorPct" : 0.0,
    "meanResTime" : 2420.5292500000023,
    "medianResTime" : 2232.0,
    "minResTime" : 285.0,
    "maxResTime" : 12493.0,
    "pct1ResTime" : 4234.0,
    "pct2ResTime" : 4410.95,
    "pct3ResTime" : 4984.949999999999,
    "throughput" : 159.2990840302668,
    "receivedKBytesPerSec" : 147.41512345679013,
    "sentKBytesPerSec" : 76.53823178016727
  },
  "Get Booking" : {
    "transaction" : "Get Booking",
    "sampleCount" : 4000,
    "errorCount" : 0,
    "errorPct" : 0.0,
    "meanResTime" : 3192.6017499999984,
    "medianResTime" : 3494.0,
    "minResTime" : 296.0,
    "maxResTime" : 15929.0,
    "pct1ResTime" : 5116.0,
    "pct2ResTime" : 5201.0,
    "pct3ResTime" : 6015.99,
    "throughput" : 143.8228102977132,
    "receivedKBytesPerSec" : 129.00007191140514,
    "sentKBytesPerSec" : 26.124065151733063
  }
}