{
  "Update Booking" : {
    "transaction" : "Update Booking",
    "sampleCount" : 2000,
    "errorCount" : 0,
    "errorPct" : 0.0,
    "meanResTime" : 5028.290000000009,
    "medianResTime" : 5626.0,
    "minResTime" : 707.0,
    "maxResTime" : 15680.0,
    "pct1ResTime" : 6783.0,
    "pct2ResTime" : 6912.95,
    "pct3ResTime" : 7002.97,
    "throughput" : 70.36554902719628,
    "receivedKBytesPerSec" : 63.22674418604652,
    "sentKBytesPerSec" : 36.52851563874327
  },
  "Delete Booking" : {
    "transaction" : "Delete Booking",
    "sampleCount" : 2000,
    "errorCount" : 0,
    "errorPct" : 0.0,
    "meanResTime" : 4676.112500000006,
    "medianResTime" : 4658.5,
    "minResTime" : 298.0,
    "maxResTime" : 8184.0,
    "pct1ResTime" : 6511.0,
    "pct2ResTime" : 6797.749999999999,
    "pct3ResTime" : 6945.99,
    "throughput" : 71.32413252023822,
    "receivedKBytesPerSec" : 52.38019217395956,
    "sentKBytesPerSec" : 21.145376413109375
  },
  "Total" : {
    "transaction" : "Total",
    "sampleCount" : 10000,
    "errorCount" : 0,
    "errorPct" : 0.0,
    "meanResTime" : 3090.4852999999976,
    "medianResTime" : 2740.5,
    "minResTime" : 282.0,
    "maxResTime" : 15680.0,
    "pct1ResTime" : 6225.0,
    "pct2ResTime" : 6551.649999999992,
    "pct3ResTime" : 6935.99,
    "throughput" : 309.59752321981426,
    "receivedKBytesPerSec" : 260.4202544504644,
    "sentKBytesPerSec" : 108.64647832817339
  },
  "Creating a Token for Authentication" : {
    "transaction" : "Creating a Token for Authentication",
    "sampleCount" : 2000,
    "errorCount" : 0,
    "errorPct" : 0.0,
    "meanResTime" : 1664.7325000000014,
    "medianResTime" : 1449.0,
    "minResTime" : 1106.0,
    "maxResTime" : 10784.0,
    "pct1ResTime" : 2748.0,
    "pct2ResTime" : 3089.8999999999996,
    "pct3ResTime" : 4323.89,
    "throughput" : 117.52952929423518,
    "receivedKBytesPerSec" : 88.79034568372803,
    "sentKBytesPerSec" : 32.481305459246634
  },
  "Create New Booking" : {
    "transaction" : "Create New Booking",
    "sampleCount" : 2000,
    "errorCount" : 0,
    "errorPct" : 0.0,
    "meanResTime" : 1799.1024999999995,
    "medianResTime" : 1962.0,
    "minResTime" : 282.0,
    "maxResTime" : 4474.0,
    "pct1ResTime" : 3146.9,
    "pct2ResTime" : 3523.95,
    "pct3ResTime" : 3624.0,
    "throughput" : 114.56722231769491,
    "receivedKBytesPerSec" : 105.71332416795555,
    "sentKBytesPerSec" : 55.04597009795497
  },
  "Get Booking" : {
    "transaction" : "Get Booking",
    "sampleCount" : 2000,
    "errorCount" : 0,
    "errorPct" : 0.0,
    "meanResTime" : 2284.189000000004,
    "medianResTime" : 2240.0,
    "minResTime" : 282.0,
    "maxResTime" : 4568.0,
    "pct1ResTime" : 3546.0,
    "pct2ResTime" : 3590.8499999999995,
    "pct3ResTime" : 3639.94,
    "throughput" : 102.0043861886061,
    "receivedKBytesPerSec" : 91.25846317641658,
    "sentKBytesPerSec" : 18.586314836537973
  }
}