{
  "Update Booking" : {
    "transaction" : "Update Booking",
    "sampleCount" : 100,
    "errorCount" : 0,
    "errorPct" : 0.0,
    "meanResTime" : 381.4300000000001,
    "medianResTime" : 305.0,
    "minResTime" : 284.0,
    "maxResTime" : 5726.0,
    "pct1ResTime" : 326.0,
    "pct2ResTime" : 438.5499999999992,
    "pct3ResTime" : 5678.499999999975,
    "throughput" : 6.4337643955478345,
    "receivedKBytesPerSec" : 5.809739512964035,
    "sentKBytesPerSec" : 3.3802394968796246
  },
  "Delete Booking" : {
    "transaction" : "Delete Booking",
    "sampleCount" : 100,
    "errorCount" : 0,
    "errorPct" : 0.0,
    "meanResTime" : 364.88999999999993,
    "medianResTime" : 306.0,
    "minResTime" : 282.0,
    "maxResTime" : 1043.0,
    "pct1ResTime" : 493.6000000000005,
    "pct2ResTime" : 921.95,
    "pct3ResTime" : 1042.5099999999998,
    "throughput" : 6.431695394906097,
    "receivedKBytesPerSec" : 4.744631544250065,
    "sentKBytesPerSec" : 1.9470952855672756
  },
  "Total" : {
    "transaction" : "Total",
    "sampleCount" : 500,
    "errorCount" : 0,
    "errorPct" : 0.0,
    "meanResTime" : 585.6759999999998,
    "medianResTime" : 308.0,
    "minResTime" : 280.0,
    "maxResTime" : 6005.0,
    "pct1ResTime" : 1226.0,
    "pct2ResTime" : 1468.5499999999995,
    "pct3ResTime" : 2975.4000000000005,
    "throughput" : 27.45442565341533,
    "receivedKBytesPerSec" : 23.216792156270593,
    "sentKBytesPerSec" : 9.812812294091808
  },
  "Creating a Token for Authentication" : {
    "transaction" : "Creating a Token for Authentication",
    "sampleCount" : 100,
    "errorCount" : 0,
    "errorPct" : 0.0,
    "meanResTime" : 1501.6,
    "medianResTime" : 1226.0,
    "minResTime" : 1131.0,
    "maxResTime" : 6005.0,
    "pct1ResTime" : 2220.7000000000003,
    "pct2ResTime" : 2914.95,
    "pct3ResTime" : 5978.069999999986,
    "throughput" : 8.499065102838687,
    "receivedKBytesPerSec" : 6.46227743073262,
    "sentKBytesPerSec" : 2.4069617967023627
  },
  "Create New Booking" : {
    "transaction" : "Create New Booking",
    "sampleCount" : 100,
    "errorCount" : 0,
    "errorPct" : 0.0,
    "meanResTime" : 334.0599999999999,
    "medianResTime" : 303.0,
    "minResTime" : 280.0,
    "maxResTime" : 1093.0,
    "pct1ResTime" : 323.8,
    "pct2ResTime" : 468.0999999999991,
    "pct3ResTime" : 1092.5699999999997,
    "throughput" : 9.71628449280995,
    "receivedKBytesPerSec" : 9.01451066362223,
    "sentKBytesPerSec" : 4.7347909784298485
  },
  "Get Booking" : {
    "transaction" : "Get Booking",
    "sampleCount" : 100,
    "errorCount" : 0,
    "errorPct" : 0.0,
    "meanResTime" : 346.4,
    "medianResTime" : 304.0,
    "minResTime" : 280.0,
    "maxResTime" : 1069.0,
    "pct1ResTime" : 325.8,
    "pct2ResTime" : 978.8999999999995,
    "pct3ResTime" : 1068.5499999999997,
    "throughput" : 9.034239768723461,
    "receivedKBytesPerSec" : 8.125522291986629,
    "sentKBytesPerSec" : 1.702742456409793
  }
}