{
  "Update Booking" : {
    "transaction" : "Update Booking",
    "sampleCount" : 1000,
    "errorCount" : 0,
    "errorPct" : 0.0,
    "meanResTime" : 317.7519999999994,
    "medianResTime" : 304.0,
    "minResTime" : 276.0,
    "maxResTime" : 1559.0,
    "pct1ResTime" : 324.0,
    "pct2ResTime" : 349.7999999999997,
    "pct3ResTime" : 986.8700000000001,
    "throughput" : 61.72839506172839,
    "receivedKBytesPerSec" : 55.63585069444445,
    "sentKBytesPerSec" : 32.41132571373457
  },
  "Delete Booking" : {
    "transaction" : "Delete Booking",
    "sampleCount" : 1000,
    "errorCount" : 0,
    "errorPct" : 0.0,
    "meanResTime" : 316.8409999999998,
    "medianResTime" : 303.0,
    "minResTime" : 279.0,
    "maxResTime" : 1670.0,
    "pct1ResTime" : 322.0,
    "pct2ResTime" : 341.0,
    "pct3ResTime" : 926.8100000000002,
    "throughput" : 61.33840397472858,
    "receivedKBytesPerSec" : 45.17190087713917,
    "sentKBytesPerSec" : 18.549176627767896
  },
  "Total" : {
    "transaction" : "Total",
    "sampleCount" : 5000,
    "errorCount" : 0,
    "errorPct" : 0.0,
    "meanResTime" : 520.8361999999993,
    "medianResTime" : 307.0,
    "minResTime" : 276.0,
    "maxResTime" : 6301.0,
    "pct1ResTime" : 1220.0,
    "pct2ResTime" : 1261.8999999999996,
    "pct3ResTime" : 2080.99,
    "throughput" : 264.13100898045434,
    "receivedKBytesPerSec" : 222.82385969690966,
    "sentKBytesPerSec" : 94.35435444730587
  },
  "Creating a Token for Authentication" : {
    "transaction" : "Creating a Token for Authentication",
    "sampleCount" : 1000,
    "errorCount" : 0,
    "errorPct" : 0.0,
    "meanResTime" : 1332.1949999999995,
    "medianResTime" : 1219.0,
    "minResTime" : 1108.0,
    "maxResTime" : 6301.0,
    "pct1ResTime" : 1555.9,
    "pct2ResTime" : 2079.85,
    "pct3ResTime" : 3333.84,
    "throughput" : 69.30967563071805,
    "receivedKBytesPerSec" : 52.55000043318547,
    "sentKBytesPerSec" : 19.628716731355695
  },
  "Create New Booking" : {
    "transaction" : "Create New Booking",
    "sampleCount" : 1000,
    "errorCount" : 0,
    "errorPct" : 0.0,
    "meanResTime" : 323.2900000000003,
    "medianResTime" : 303.0,
    "minResTime" : 277.0,
    "maxResTime" : 3299.0,
    "pct1ResTime" : 323.0,
    "pct2ResTime" : 352.0,
    "pct3ResTime" : 1064.98,
    "throughput" : 62.60956674179814,
    "receivedKBytesPerSec" : 57.90926357453669,
    "sentKBytesPerSec" : 30.50993535562234
  },
  "Get Booking" : {
    "transaction" : "Get Booking",
    "sampleCount" : 1000,
    "errorCount" : 0,
    "errorPct" : 0.0,
    "meanResTime" : 314.1029999999997,
    "medianResTime" : 303.0,
    "minResTime" : 276.0,
    "maxResTime" : 1060.0,
    "pct1ResTime" : 324.0,
    "pct2ResTime" : 347.0,
    "pct3ResTime" : 825.5200000000004,
    "throughput" : 62.158130283441075,
    "receivedKBytesPerSec" : 55.76822592926404,
    "sentKBytesPerSec" : 11.695015792049974
  }
}